{
  "feature_cols": [
    "tremor_ratio_mean",
    "tremor_ratio_accel",
    "tremor_ratio_gyro",
    "tremor_peak_ratio",
    "jerk_rms_mean",
    "std_gyro",
    "spec_centroid_mean",
    "wrist_tremor_asym",
    "wrist_jerk_asym",
    "wrist_peak_asym"
  ],
  "task1": {
    "coef": [
      0.4692793097507301,
      0.6717011117282908,
      0.2574797382561072,
      -0.3417029754582985,
      0.21524527717013087,
      -0.1065962549448189,
      -0.944033346389151,
      0.2277500756959881,
      0.06441152044692507,
      1.0797878844301192
    ],
    "intercept": 0.42130609479555725,
    "scaler_mean": [
      0.24150963984554566,
      0.257510519823147,
      0.2255087598679443,
      1941.57086867436,
      0.025131469234199233,
      0.46074266992639856,
      6.307616519789372,
      0.07022211421218266,
      0.009793573393671684,
      1910.5354297005679
    ],
    "scaler_scale": [
      0.16835576793430065,
      0.1610557720782504,
      0.19353140685866832,
      6264.663785087585,
      0.03988933479523724,
      0.670047021563327,
      2.0038810709661656,
      0.07880917402056138,
      0.02231336501679962,
      8659.599548014168
    ]
  },
  "task2": {
    "coef": [
      0.033641487285202075,
      -0.08165276160201687,
      0.12639708229562813,
      0.32113393220759906,
      -0.022242647891324966,
      0.022468909344164855,
      -0.13314010991277153,
      0.038679689838109536,
      0.06516324553654218,
      -0.14132845715661138
    ],
    "intercept": -0.8907385644586289,
    "scaler_mean": [
      0.25256527669930096,
      0.2702191943250757,
      0.23491135907352625,
      2180.1258068392535,
      0.0257165230500841,
      0.459289119853604,
      6.2780248853364276,
      0.07502509687271892,
      0.01024250088403711,
      2197.949558158771
    ],
    "scaler_scale": [
      0.17377665581970533,
      0.16608848956911085,
      0.19979728724281065,
      6814.6172137651465,
      0.039981225707106695,
      0.6549840104040909,
      1.9629259856318646,
      0.0826588869040422,
      0.02265460542273512,
      9460.853493035485
    ]
  }
}